Operator ,Total Aboard,Total Fatalities
Aeroflot,254,254
Military - U.S. Air Force,141,141
Air France,71,70
Deutsche Lufthansa,62,62
United Air Lines,44,44
Military - U.S. Army Air Forces,43,43
Pan American World Airways,41,41
China National Aviation Corporation,37,37
American Airlines,37,37
US Aerial Mail Service,35,35
Indian Airlines,34,34
KLM Royal Dutch Airlines,34,34
Philippine Air Lines,33,33
Military - Royal Air Force,32,32
Private,31,31
British Overseas Airways,29,29
Military - U.S. Navy,28,28
Military - U.S. Army,27,27
Avianca,27,27
Northwest Orient Airlines,25,25
Eastern Air Lines,25,25
Sabena,24,24
Imperial Airways,23,23
Aeropostale,23,23
Military -Royal Air Force,22,22
VASP,20,20
British European Airways,19,19
Trans Continental and Western Air,18,18
Merpati Nusantara Airlines,18,18
Garuda Indonesia Airlines,18,18
Varig,17,17
Trans World Airlines,17,17
Pakistan International Airlines,16,16
Mexicana,16,16
Military - Indian Air Force,15,15
Military - Afghan Republican Air Force,15,15
Military - German Navy,15,15
Ceskoslovenske Aerolinie,15,15
Ethiopian Airlines,15,15
Military - Russian Air Force,14,14
Linea Aeropostal Venezolana,14,14
China Airlines (Taiwan),14,14
Cruzeiro,14,14
Cubana de Aviacion,14,14
Turkish Airlines (THY),13,13
Qantas,13,13
Lot Polish Airlines,13,13
Aerolineas Argentinas,13,12
TAROM,12,12
Panair do Brasil,12,12
Military - U.S. Marine Corps,12,12
Iberia Airlines,12,12
Delta Air Lines,12,12
Satena,11,11
Swissair,11,11
Military - Royal Australian Air Force,11,11
Military - Soviet Air Force,11,11
Flying Tiger Line,11,11
Canadian Pacific Air Lines,11,11
Burma Airways,11,11
Air Union,11,11
Air Vietnam (South Vietnam),11,11
(blank),10,10
United Arab Airlines,10,10
TACA,10,10
Military - Brazilian Air Force,10,10
Korean Airlines,10,10
Faucett,10,10
Braniff Airlines,10,10
Balkan Bulgarian Airlines,10,10
Air India,10,10
United States Airlines,9,9
Western Airlines,9,9
National Air Transport,9,9
Lloyd Aereo Boliviano,9,9
Grands Express Aeriens,9,9
Japan Air Lines,9,9
Egyptair,9,9
Continental Airlines,9,9
Alitalia,9,9
American Airways,9,9
Air America,9,9
Varney Air Lines,8,8
Royal Nepal Airlines,8,8
REAL,8,7
National Airlines,8,8
Military - Angolan Air Force,8,8
Military - French Air Force,8,8
JAT Yugoslav Airlines,8,8
Iran Air,8,8
Ariana Afghan Airlines,8,8
Australian National Airways,8,8
British Airways,8,8
CAAC,8,8
Thai Airways,7,7
Trans Canada Air Lines,7,7
Misrair,7,7
Military - Indonesian Air Force,7,7
Malev Hungarian Airlines,7,7
Military - Philippine Air Force,7,7
Lufthansa,7,7
Military - Sri Lanka Air Force,7,7
Kalinga Airlines,7,7
Ala Littoria,7,7
Avensa,7,7
Capital Airlines,7,7
Aviaco,7,7
TAME,6,6
Slick Airways,6,6
South African Airways,6,6
Scandinavian Airlines (SAS),6,6
TAM (Brazil),6,6
Saudi Arabian Airlines,6,6
TAM (Bolivia),6,6
Military - US Air Force,6,6
Pacific Air Transport,6,6
Military - Pakistan Air Force,6,6
Military - Royal Canadian Air Force,6,6
Far Eastern Air Transport,6,6
CIDNA,6,6
Colonial Air Transport,6,6
All Nippon Airways,6,6
Boeing Air Transport,6,6
British South American Airways,6,6
Allegheny Airlines,6,6
Aviateca,6,6
Air Algerie,6,6
Air Canada,6,6
Transocean Air Lines,5,5
Trigana Air Service,5,5
Syndicato Condor,5,5
Sudan Airways,5,5
TAAG Angola Airlines,5,5
Military - Vietnamese Air Force,5,5
Northeast Airlines,5,5
Pelita Air Service,5,5
New Zealand National Airways,5,5
Pan American Airways,5,5
Military - Royal Thai Air Force,5,5
Linee Aeree Italiane,5,5
Military - Iranian Air Force,5,5
MIAT - Mongolian Airlines,5,5
Military - Chinese Air Force,5,5
LAN,5,5
LANSA,5,5
Fuerza Aérea del Peru,5,5
Formosa Airlines,5,5
Civil Air Transport,5,5
Cathay Pacific Airways,5,5
BOAC,5,5
Austral Lineas Aeras (Argentina),5,5
Aigle Azur,5,5
Air Orient,5,5
Aero Transporti Italiani,5,5
Aerosucre Colombia,5,5
USAir,4,4
Wideroe's Flyveselksap,4,4
Trans Mediterranean Airways,4,4
Union of Burma Airways,4,4
SAETA,4,4
Spantax,4,4
Talair,4,4
TABA,4,4
Pennsylvania Central Airlines,4,4
Pacific Coastal Airlines,4,4
Military - US Navy,4,4
Mohawk Airlines,4,4
Pacific Western Airlines,4,4
Nigeria Airways,4,4
Petroleum Helicopter,4,4
Myanmar Airways,4,4
Private Charter,4,4
Olympic Airways,4,4
Pan American Grace Airways,4,4
Loganair,4,4
Malaysia Airlines,4,4
Military - Nicaraguan Air Force,4,4
Middle East Airlines,4,4
Loide Aéreo Nacional,4,4
Military - Argentine Air Force,4,4
Military - German Army,4,4
Military - Mexican Air Force,4,4
Military - Egyptian Air Force,4,4
Military - Ethiopian Air Force,4,4
Itavia,4,4
Latecoere Airlines,4,4
Indian Air Force,4,4
LATI,4,4
Interflug,4,4
China Eastern Airlines,4,4
Dirgantara Air Services,4,4
Deccan Airways,4,4
Devlet Hava Yollari,4,4
Dan Air Services,4,4
Alia Royal Jordanian Airlines,4,4
Ansett ANA,4,4
American Eagle,4,4
Cameroon Airlines,4,4
Aeronaves de Mexico,4,4
Aeromexico,4,4
AB Aerotransport,4,4
Aero O-Y,4,4
Aeroput,4,4
Zantop Air Transport,3,3
World Airways,3,3
Trans Australia Airlines,3,3
West Coast Airlines,3,3
Yeti Airlines,3,3
Western Air Express,3,3
Union Aeromaritime de Transport,3,3
Transbrasil,3,3
Union des Transportes Aeriens,3,3
SELVA,3,3
Royal Air Maroc,3,3
SCADTA,3,3
Somali Airlines,3,3
Scottish Airlines,3,3
Southwest Airlines,3,3
TAM Lineas Aéreas Regional,3,3
Taiwan Airlines,3,3
Tajikistan Airlines,3,3
Sahsa Airlines,3,3
New York Airways,3,3
Piedmont Airlines,3,3
Milne Bay Air,3,3
Nordeste Linhas Aéreas,3,3
Prinair,3,3
Military - Zairean Air Force,3,3
Panagra,3,3
Missionary Aviation Fellowship,3,3
Lion Air,3,3
Military - Algerian Air Force,3,3
Military - U.S. Air Force / Military - U.S. Air Force,3,3
Military - Peruvian Air Force,3,3
Military - Russian Navy,3,3
Lloyd Aéreo Boliviano,3,3
Military - Sudan Air Force,3,3
Military - Republic of China Air Force,3,3
Maritime Central Airways,3,3
MAP,3,3
Military - U.S. Navy / Military - U.S. Navy,3,3
Military - French Naval Aviation,3,3
Military - Islamic Republic of Iran Air Force,3,3
Fuerza Aérea Argentina,3,3
KNILM,3,3
Lineas Aéreas La Urraca,3,3
Guinea Airways,3,3
Lanica,3,3
Icelandair,3,3
Indamer,3,3
Lignes Aeriennes Latecoere,3,3
Central African Airways,3,3
Flota Aérea Mercante Argentina,3,3
Deruluft,3,3
Comair,3,3
El Al,3,3
Continental Air Lines,3,3
Central Mountain Air Services,3,3
Bristow Helicopters,3,3
Azerbaijan Airlines,3,3
Avio Linee Italiane,3,3
Asiana Airlines,3,3
Bakhtar Afghan Airlines,3,3
Atlantic Southeast Airlines,3,3
Ala Littoria SA,3,3
Cambodia Air,3,3
Air Madagascar,3,3
AIRES Colombia,3,3
Air Manila,3,3
Aeropesca Colombia,3,3
Aeronica,3,3
ACES Colombia,3,3
Air Mali,3,3
Aerolineas TAO,3,3
Air New Zealand,3,3
Aaxico Airlines,3,3
Aeroflot / Aeroflot,3,3
Air Inter,3,3
Air Littoral,3,3
Aerotaca,3,3
Wheeler Airlines,2,2
Vanair,2,2
TAME Ecuador,2,2
Tigres Voladores,2,2
VOTEC,2,2
Tracep,2,2
Yakutavia,2,2
TAN,2,2
Universal Jet Aviation,2,2
Trans Continental Air Transport,2,2
Vieques Air Link,2,2
Trans Guyana Airways,2,2
Taxader Airlines,2,2
Trans Service Airlift,2,2
Wiggins Airways,2,2
Trans World Airlines / Private,2,2
United Airways,2,2
Transafrik,2,2
Universal Airlines,2,2
Transair Georgia Airlines,2,2
Uzbekistan Airways,2,2
Transamerica Airlines,2,2
Vayudoot,2,2
Transasia Airways,2,2
Vietnam Airlines,2,2
TAO,2,2
West Caribbean Airways,2,2
Transportes Aéreos Mexicanos,2,2
Western Canada Airways,2,2
Ukraine Air Alliance,2,2
Wien Consolidated Airlines,2,2
Union Airways,2,2
Wuhan Airlines,2,2
Tara Air,2,2
Yemen Airlines,2,2
United Air Lines / Trans World Airlines,2,2
United Nations,2,2
SAVCO,2,2
Saha Airline Services,2,2
SAM Colombia,2,2
Royal Air Lao,2,2
Southwest Air,2,2
Silver City Airways,2,2
Salair,2,2
Skyline Airways,2,2
SATA,2,2
Saturn Airways,2,2
SATCO,2,2
Skyways,2,2
Savanair,2,2
Skyways of London,2,2
Sterling Airways,2,2
Sabang Merauke Raya Air Charter,2,2
Regina Cargo Airlines,2,2
Sociedad Aeronautica Medellin,2,2
Syrian Airways,2,2
Solomon Islands Airlines,2,2
Senegalair,2,2
Sakha Airlines,2,2
TAESA,2,2
Riddle Airlines,2,2
Sabah Air,2,2
Southern Airways,2,2
Skypower Express Airways,2,2
Service Air,2,2
Servivensa,2,2
Sibir Airlines,2,2
Polynesian Airlines,2,2
Pacific Western,2,2
MK Airlines,2,2
Pan American Grace Airlines,2,2
Piedmont Airlines / Private,2,2
Military - Venezuelan Army,2,2
Pan African Air Charter,2,2
Military - Zambian Air Force,2,2
Philippine Aerotransport,2,2
Pacific Southwest Airlines,2,2
New Tribes Mission,2,2
Provincetown - Boston Airlines,2,2
Pilgrim Airlines,2,2
Quebecair,2,2
National Air Cargo,2,2
Queensland Airlines,2,2
Orient Airways,2,2
Military - United States Navy,2,2
Norwegian Airlines,2,2
Military - US Army,2,2
Queen Charlotte Airlines,2,2
Paraense Transportes Aéreos,2,2
Rapid Air Transport,2,2
Military - Venezuelan Air Force,2,2
Military - Venezuelan Navy,2,2
Pacific Air Lines,2,2
Miami Airlines,2,2
Military - Royal Jordanian Air Force,2,2
Military - U.S. Marine Corps/Military - U.S. Marine Corps,2,2
Mandala Airlines,2,2
Martinair Holland NV,2,2
Military - Iranian Revolutionary Guard Corps Air Force,2,2
Military - U.S. Air Force / U.S. Air Force,2,2
Military - United States Air Force,2,2
Malu Aviation,2,2
Military - United States Army Air Force,2,2
Military - Royal Saudi Air Force,2,2
Military - Italian Air Force,2,2
Military - Spanish Air Force,2,2
Military - Japan Maritime Self Defense Force,2,2
Military - Turkish Air Force,2,2
Military - Mauritanian Air Force,2,2
Military - U.S. Army / Military - U.S. Army,2,2
Loftleidir Icelandic Airlines,2,2
Military - Ukraine Air Force,2,2
Military - Mozambique Air Force,2,2
Military - Royal Indian Air Force,2,2
Military - Azerbaijan Air Force,2,2
Military - Royal Nepalese Air Force,2,2
Military - Nigerian Air Force,2,2
Military - Congolese Air Force,2,2
Military - Belgian Air Force,2,2
Military - South African Air Force,2,2
Military - Pakistan Army,2,2
Merpati Nasantara Airlines,2,2
Military - Bolivian Air Force,2,2
Military - Sudanese Air Force,2,2
Lineas Aereas del Estado,2,2
Los Angeles Airways,2,2
Military - Polish Air Force,2,2
Military - Honduran Air Force,2,2
Military - Chilean Air Force,2,2
Military - Imperial Iranian Air Force,2,2
Military - Republic of South Korea Air Force,2,2
Lineas Aereas Nacionales SA (Peru),2,2
Military - Royal Belgian Air Force,2,2
Military - Union of Burma Air Force,2,2
Military - Royal British Navy,2,2
Loide Aereo Nacional,2,2
Military - Israel Air Force,2,2
Military - Georgian Air Force,2,2
Jett Paqueteria SA,2,2
Lan Chile,2,2
Kenya Airways,2,2
Grand Canyon Airlines,2,2
Jamair,2,2
Gulf Air,2,2
Kamchatka Airlines,2,2
Hageland Aviation Services,2,2
Korean Air,2,2
Handley Page Transport,2,2
LARES,2,2
Hewa Bora Airways,2,2
Jersey Airways,2,2
Holymans Airways,2,2
Juba Air Cargo,2,2
Hunting Air Travel,2,2
Karibu Airways,2,2
General Airways,2,2
Kodiak Airways,2,2
Indian National Airlines,2,2
LAC Colombia,2,2
Lineas Aéreas Nacionales,2,2
Lao Aviation,2,2
Frontier Airlines,2,2
Las Vegas Airlines,2,2
Island Airways,2,2
Iran Air Tours,2,2
East African Airways,2,2
FedEx,2,2
Emery Worldwide,2,2
Chicago and Southern Airlines,2,2
DTA Angola Airlines,2,2
China Northern Airlines,2,2
Eastern Provincial Airways,2,2
CORAL Colombia,2,2
Ceskoslovenské Aerolinie,2,2
Cordova Airlines,2,2
First Air,2,2
Crossair,2,2
Eagle Aviation,2,2
China Northwest Airlines,2,2
Eastern Air Transport,2,2
Cubana de Aviacon,2,2
CNAC,2,2
China Southern Airlines,2,2
Expresso Aéreo,2,2
China Southwest Airlines,2,2
Federal Express,2,2
Djibouti Airlines,2,2
Finnair,2,2
Douglas Airways,2,2
Colonial Western Airlines,2,2
Downeast Airlines,2,2
Central Air Transport,2,2
Braathens,2,2
BHS - Brazilian Helicopter Service Air Taxi,2,2
British Eagle International Airlines,2,2
ATI,2,2
Boeing Aircraft Company,2,2
Ameristar Jet Charter,2,2
Ameriflight,2,2
Austin Airways,2,2
Bali International Air Service,2,2
ALADA,2,2
Alyemda,2,2
British Midland Airways,2,2
Bouraq Indonesia Airlines,2,2
Airlink,2,2
Braniff Airways,2,2
Antilles Air,2,2
Britannia Airways,2,2
AREA,2,2
Associated Airways,2,2
AirNow,2,2
American International Airways,2,2
Aviastar Mandiri,2,2
Airlines of Australia,2,2
Autrex,2,2
Capitol Airways,2,2
Airborne Express,2,2
Air Nautic,2,2
Aeronorte Colombia,2,2
Aerovias Contreras,2,2
Air Transport,2,2
Afghan Army,2,2
ADC Airlines,2,2
Agencia Interamericana de Aviada,2,2
Aerocaribe,2,2
Aerolineas Abaroa,2,2
Aden Airways,2,2
Air Afrique,2,2
ADES Colombia,2,2
Aer Lingus,2,2
Airfast Services,2,2
Aerolineas Centrales de Colombia,2,2
Air Logistics,2,2
Air Atlas,2,2
Aeroperlas,2,2
Aerolineas Flecha Austral,2,2
Air Manitoba,2,2
Air Cargo Carriers,2,2
Aerocon,2,2
Air Charter,2,2
Air Rhodesia,2,2
Aereo el Venado,2,2
Air Transport Charter,2,2
Air Freight New Zealand,2,2
Aerolift,2,2
Air Guadeloupe,2,2
Aircraft Transport and Travel,2,2
A B Aerotransport,2,2
Aero Service,2,2
Aerovias Brasil,2,2
Agni Air,2,2
Titan Airways,1,1
Wings West Airlines / Private,1,1
Wehite Cap Aviation,1,1
TPI International Airways,1,1
US-Bangla Airlines,1,1
Transair Sweden,1,1
Vnokovo Airlines,1,1
Transamazonica,1,1
Westwing,1,1
Thai International,1,1
TARS,1,1
Transamerican Air Transport,1,1
Valley Air Service,1,1
Transamerican Airlines,1,1
Victoria Airlines,1,1
Transasia,1,1
Trans Luxury Airlines,1,1
TRACEP Congo Aviation,1,1
TMK Air Commuter,1,1
Transaven,1,1
Wigmo,1,1
Transaviaexport Airlines,1,1
Total Air Lines,1,1
Tanzania Aviation,1,1
US Airways Express,1,1
Trans-Canada Air Lines,1,1
UTAir Airlines,1,1
Transcontinental,1,1
TASSA,1,1
Transcontinental &Western Air,1,1
Vertical-T Air,1,1
Transfair,1,1
Village Airways,1,1
Trans-Luxury Airlines,1,1
Volga-Avia Express,1,1
Transmandu,1,1
Wasaya Airways,1,1
Transmeridian Air Cargo,1,1
West Air Sweden,1,1
Transniugini Airways,1,1
Team Air,1,1
Trafik-Turist-Transportflyg,1,1
Wien,1,1
Transoriente Colombia,1,1
Winchester Air,1,1
Transpolar,1,1
Wyoming Air Service,1,1
Transport Aerien Intercontinentaux (France),1,1
Transair,1,1
Transport Arien Transregional,1,1
US Airlines,1,1
Transport Comp. Algerienne de T.A.,1,1
Tartarstan Airlines,1,1
Transporte Aereo Federal,1,1
UTA,1,1
Transported Areos Profesionales - TAPSA,1,1
Uzu Air,1,1
Transportes Aéreos de Timor,1,1
TanaMana Aviation,1,1
Tranair,1,1
TAUSA,1,1
Transportes Aéreos Salvador,1,1
Venezolana,1,1
Transportes Aereos del Caribe,1,1
VIARCO,1,1
Transportes Aereos Don Carlos - Charter,1,1
Trans Isle Air,1,1
Transportes Aereos Mexicanos,1,1
Virgin Islands Airways,1,1
Transportes Aereos Nacionales,1,1
Volare Aviation Enterprise,1,1
Transportes Aereos Orientales,1,1
Vologodskiye Airlines,1,1
Transportes Aereos Pegaso,1,1
Walcot Air Line,1,1
Transportes Aereos Peruanos,1,1
Webstas Aviation Services Inc.,1,1
Transportes Areos Nacionales,1,1
Wenela Air Services,1,1
Transportno Aviatsionno Bulgaro-Soviet Obshchestvo,1,1
TANS Airlines,1,1
Transporturile Aeriene Romano-Sovietice,1,1
Westair Transport,1,1
TriCoastal Air,1,1
Western Helicopter,1,1
TAP (Air Portugal),1,1
Whyalla Airlines,1,1
Tropical Airways,1,1
Trans World Airlines / Eastern Air Lines,1,1
True Aviation Ltd.,1,1
Wimbi Dira Airways,1,1
TsAGI,1,1
Wingfoot Air Express Goodyear Tire,1,
Tuninter,1,1
Temesco Helicopter - Air Taxi,1,1
Tura Air Enterprise,1,1
Yacimientos Petroliferos Fiscales,1,1
Turkish Airlines,1,1
Yemenia Airway,1,1
Taquan Air Service,1,1
Uruguayan Air Force - TAMU,1,1
Turkish Airlines THY,1,1
US Air Express/Air Midwest,1,1
Turuhan Avia,1,1
US Airways,1,1
TVPX Aircraft Solutions,1,1
USA Jet Airlines,1,1
Two Taxi Aero,1,1
USAir / Skywest Airlines,1,1
Tyee Airlines,1,1
USMC,1,1
Tyumen Aviatrans,1,1
UTAir,1,1
U. S. Air Force,1,1
Tiramavia,1,1
U.S. Government (leased),1,1
Valan International Cargo Charter,1,1
U.S. Overseas Airways,1,1
ValuJet,1,1
Uganda Airlines,1,1
Tashkent Aircraft Production Corporation,1,1
Trans Air Cargo,1,1
Varney Airlines,1,1
Ukraine Aviation Transport Company,1,1
VASP / Private,1,1
Ukraine International Airlines,1,1
Vehu Akat,1,1
Ukrainian Cargo Airlines - Congolese Army Charter,1,1
Venezolana Internacional de Aviacion,1,1
Ukranian-Mediterranean Airlines,1,1
Viacao Aerea Gaucha S.A.,1,1
Ukvozduchput,1,1
Victoria Air,1,1
Uni Air,1,1
Trans International Airlines,1,1
Union Aéromaritime de Transport,1,1
Viking Air Transport,1,1
TAR,1,1
Vincent Aviation,1,1
Trans Air Services,1,1
Vladivostokavia,1,1
TAM Paraguay,1,1
Vnukovo Airlines,1,1
Union des Transports Aeriens de Guinee,1,1
Volga Air,1,1
Trans Aircraft (Western) Ltd.,1,1
Volga-Dnepr Airlines,1,1
Tararstan Airlilnes,1,1
Vostok Aviakompania,1,1
United Air Lines / Military - U.S. Air Force,1,1
VOTEC / VOTEC,1,1
TAMPA Colombia,1,1
Wasa Wings,1,1
United Air Services,1,1
Weasua Air Ttansport,1,1
TAN Honduras,1,1
Wedell-Williams Air Service Corporation,1,1
United Airways of New Zealand,1,1
Wein United States Airlines Inc.,1,1
Trans Canada Air Lines / RCAF,1,1
West African Airways,1,1
United Express,1,1
West Australian Airways,1,1
United Express / Private,1,1
West Coast Air,1,1
YPF,1,1
West Wind Aviation,1,1
YPFB Transportes Aereos,1,1
Taxi Aereo de Santander,1,1
Zanex,1,1
TANS Peru,1,1
Zantop International Airlines,1,1
Western Straits Air,1,1
Texas International Airlines,1,1
Trans World Airlines / Castleton Inc.,1,1
United States Aeronautical Industries,1,1
Tech - Aeronautical Explotiation,1,1
TAROM (Transporturile Aeriene Romane),1,1
Wien Air United States,1,1
United States Central Express,1,1
Toa Domestic Airline (Japan),1,1
United States Coastal Airlines,1,1
Wilson Airways,1,1
United States Helicopter - Air Taxi,1,1
Win Win Aviation,1,1
United States International Air,1,1
Winged Cargo Inc.,1,1
United States Travel,1,1
Wings Ltd,1,1
United States-Washington Airways,1,1
Winship Air,1,1
Trans Caribbean Airways,1,1
Transaereo 5074,1,1
Universal Airways,1,1
XL Airways leased from Air New Zealand,1,1
Trans Colorado AL / Continental Express,1,1
YAK Service,1,1
University of Michigan Health System,1,1
Transafrik - United Nations Charter,1,1
Uralex,1,1
Temsco Airlines,1,1
Urcupina,1,1
Uruguayan Air Force,1,1
Zakavia,1,1
United Nations - UTair Charter,1,1
Temsco Helicopter - Air Taxi,1,1
United Nations Mission,1,1
Tepper Aviation,1,1
United Parcel Service,1,1
United Parcel Service- UPS,1,1
Russian Ministry of Interior,1,1
Syktyvkar Avia,1,1
STASA,1,1
Renan Airways,1,1
Société Auxiliare de Navigation Aérienne,1,1
Safari Express Cargo,1,1
Sowind Air,1,1
Safe Air Cargo,1,1
Sunbeam Air Transport Co.,1,1
Safe Air Complany,1,1
TACV-Cabo Verde Airlines,1,1
Saha Air,1,1
Societe France Hydro,1,1
Resort Airlines,1,1
Southeast Airlines,1,1
Sahara,1,1
STAAP,1,1
Reynolds Airways,1,1
Ryan Air Services,1,1
Saint Lawrence Airways,1,1
Survair,1,1
Rhodesian Air Services,1,1
T.A. Intercontinentaux (France),1,1
Richmor Aviation,1,1
Talia Airways,1,1
Rico Linhas Aereas,1,1
Societa Anonima Aero Expresso Italiana,1,1
SAMSA,1,1
Socotra,1,1
SAN Ecuador,1,1
South Airlines,1,1
Sankuru Air Service,1,1
Rutas Aéreas Nacionales SA,1,1
SANSA,1,1
Spartan Air Services,1,1
Santa Barbara Airlines,1,1
Star Aviation,1,1
Saratov Airlines,1,1
Strait Air,1,1
Sarit Airlines,1,1
Sukhoi,1,1
Sasco Air Lines,1,1
Sunflower Airlines,1,1
Saskatchewan Government Northern Air Operations,1,1
Swedish Air Force,1,1
Rico Taxi Aéreo,1,1
S.A.M. Società Aerea Mediterranea,1,1
Rico Taxi Aero,1,1
TABSO,1,1
Rediske Air,1,1
Regional Compagnie Aerienne Europeenne,1,1
Rimouski Airlines,1,1
TAM (Transportes Aereos Militares),1,1
Rinaldo Piaggio,1,1
Russ Air Transport Company,1,1
Saudi Arabian Airlines / Kazakhstan Airlines,1,1
Societe Aerienne du Littoral,1,1
Saudi Arabian Royal Flight,1,1
Societe Indochinoise de Transport Aeriens,1,1
Robinson Airlines,1,1
Soldotna Air Services,1,1
Savannair,1,1
Rusts Flying Service Inc.,1,1
Rocky Mountain Airways,1,1
South Pacific Island Airways,1,1
"SAVG (S.A. Viacao Gaucha, ) SAVG",1,1
Rutaca Airlines,1,1
Romanian Banat Air,1,1
Rutas Internacionales Peruanes,1,1
Rotor Airs Inc - Air Taxi,1,1
Spanair,1,1
Scandinavian Airlines (SAS) / Private,1,1
Spencer Airways / Ceskoslovenske Aerolinie,1,1
Scarta,1,1
Standard Airlines,1,1
SCAT Air,1,1
Starways,1,1
Scenic Air Lines,1,1
Stavropol Airlines,1,1
Scenic Air Tours,1,1
Strato Freight,1,1
Scenic Airlines,1,1
Sudania Air Cargo,1,1
Scibe Airlift Cargo Zaire,1,1
Summit Air Charters,1,1
Scoala Superioara de Aviatie Civla,1,1
Sundance Helicopters,1,1
Rotorcraft Leasing Co,1,1
Superior Aviation,1,1
Sea Airmotive,1,1
Svenska Aero,1,1
Seair Seaplanes,1,1
Swift Aire Lines Inc.,1,1
Seattle Air Charter,1,1
Syrian Air,1,
SeaWind Aviation,1,1
T & G Aviation,1,1
Security Air,1,1
SA Airlink,1,1
Rousseau Aviation,1,1
Red Wings Airlines,1,1
SELVA Colombia,1,1
Regional Airlines,1,1
Selva Taxi Aero,1,1
Sabeni,1,1
SEMAF,1,1
Sadia,1,1
Sempati Air,1,1
Société Aérienne de Tr. Tropicaux,1,1
Rovos Air,1,1
Société de Transports Aériens,1,1
Sepahan Airlines,1,1
Societa Aerea Mediterranea,1,1
Reeder Flying Service,1,1
Società Aerea Teseo,1,1
Servicio Aéreo Panini,1,1
Societe Alpes Provence,1,1
Servicio Aereo Columbiano / SCADTA,1,1
Societe Indochinoise de Raviteillement,1,1
Servicio Aereo Manchupo,1,1
Societe Transatlantique Aerienne,1,1
Servicio Expresso Nacional,1,1
SOL Lineas Aereas,1,1
Servicios Aéreos Boliviano,1,1
Russian Air Force,1,1
Servicios Aéreos Cochabamba,1,1
Sosoliso Airlines,1,1
Servicios Aéreos Especiales,1,1
"South African Airways, leased from British Overseas Airways",1,1
Servicios Aereas Virgen de Copacabana,1,1
South Central Airlines,1,1
Servicios Aereos Martinez Leon,1,1
Southcentral Air,1,1
Servicios Aereos Nacionales,1,1
Southern Air Transport,1,1
Servicios Aereos Nacionales Airways,1,1
Southern Cross Airways,1,1
Servicios Aereos Santa Ana,1,1
Southwest Airlift,1,1
Servicios Aeronauticos Sucre (SASCA),1,1
Southwest Airways,1,1
Servicios Americanos,1,1
Spair Air Transport,1,1
Royal Air Laos/PENAS,1,1
Rwanda Government,1,1
SFC Vietnam - Charter - Full Account,1,1
Speed Service Couriers,1,1
Shangri La Air,1,1
Spokane Airways,1,1
Shanxi Airlines,1,1
Staer Air,1,1
Shell Co of Ecuador,1,1
STAP,1,1
Shelter Cove Sea Park,1,1
Starair,1,1
Si Fly - U.N. charter,1,1
Starwood Management LLC,1,1
Siamese Airways,1,1
State Airlines,1,1
Sibir (S7),1,1
Rwandair,1,1
Reeve Aleutian Airlines,1,1
Straits Air Freight Express,1,1
REAL Transportes Aereos,1,1
Stratofreight,1,1
Silk Way Airlines,1,1
Sudanese Air Force,1,1
SilkAir,1,1
SUDENE,1,1
Royal Indian Air Force,1,1
Summit Air,1,1
Simmons Airlines,1,1
Sun Way,1,1
Singapore Airlines,1,1
Sunbird Aviation,1,1
Sita Air,1,1
Sundance Helicopters Inc.,1,1
Sky Cabs,1,1
Suomen Urheiluilmailijat,1,1
Sky Dive New Zealand,1,1
Surinam Airways,1,1
Sky Executive Air Services,1,1
Svedijos Prekés,1,1
Sky Train Air,1,1
Swan Aviation,1,1
Skycraft Air Transport,1,1
Swifair,1,1
Reeve Aleutian Airways,1,1
Ryan Blake Air Charter,1,1
Skyline Sweden,1,1
Ryan International Airlines,1,1
Skyline Transportation Company,1,1
Syrian Air Force,1,1
Skylink Airlines,1,1
Syrian Arab Airlines,1,1
RRC Air Service,1,1
T.A. Intercontinentaux,1,1
Skyvan Airways,1,1
TAA,1,1
Skyward International Aviation,1,1
SA Amazonica,1,1
Rubner Flying Service,1,1
TAC Colombia,1,1
Ruiban & Duran Compania Aérea,1,1
TACA International Airlines,1,1
Skywest Airlines / Private.,1,1
Tadair,1,1
SL Aviation Services,1,1
TAG Airlines,1,1
RusAir Airlines,1,1
Taiwan Aviation,1,1
Slick Airways - Cargo,1,1
Sadai,1,1
Smoky Mountain Helicopters,1,1
SADELCA,1,1
Snow Valley Ski Lines,1,1
TAM (Peru),1,1
Sobelair SA (Belgium),1,1
SAESA,1,1
Soc. de Tr. Aériens d'Extrême Orient,1,1
Sierra Pacific Airlines,1,1
Mustang Aviati,1,1
Procuraduría General de la República,1,1
Plane Sailing,1,1
Naure Air,1,1
Paradise Airlines,1,1
Navegacao Aerea Brasileira,1,1
PHI Air Medical,1,1
Necon Air,1,1
Private - Corporate,1,1
Nepal Airlines,1,1
Réseau Aérien Interinsulaire,1,1
New England Airlines,1,1
Pathet Lao Airlines,1,1
New England Airways,1,1
Perris Valley Aviation,1,1
New England Aviaiton,1,1
Piedmont,1,
New Guinea Air Traders,1,1
Prestige Airlines (Cargo) Charter,1,1
New Standard Airlines,1,1
Private - Overtec Company,1,1
Militiary - US Air Force,1,1
Ptarmigan Airways,1,1
Million Air,1,1
Nationwide Air Transport,1,1
New York Helicopter,1,1
Paramount Airlilnes,1,1
Military - Yemen Air Force,1,1
Pavair,1,1
NewCal Aviation,1,1
Mustique Airways,1,1
NFD - Nurnberger Flugdienst,1,1
Petrolium Helicopter,1,1
NHR Táxi-Aéreo,1,1
Nacional de Aviacion,1,1
Miltiary - U.S. Airforce,1,1
Pinnacle Airlines/Northwest Airlink,1,1
Nile Delta Air Services,1,1
Polyarnya Aviatsiya,1,1
NLM (Nederlandse Luchtvaart Maatschappij),1,1
Private - Aero Trans Corp,1,1
NOAR Linhas Aéreas,1,1
Private - Hendrick Motorsports Inc.,1,1
Norair,1,1
Private - WNBC,1,1
Nordair,1,1
Proteus Air / Private,1,1
Nordchurchaid,1,1
National Air Transport Services,1,1
Mineral County Airlines,1,1
RAM,1,1
Nordeste Linhas Aereas,1,1
Papillon,1,1
Norilsk Flight Company,1,1
Munz Northern Airlines,1,1
Norte Jet Táxi Aéreo,1,1
Partnair,1,1
North Bay Charter,1,1
Paukn Air,1,1
North Central Airlines,1,1
Pegasus Airlines,1,1
North Central Airlines / Air Wisconsin,1,1
Peninsular,1,1
North Central Airlines / Private,1,1
Perimeter Airlines,1,1
North Coast Aviation,1,1
My Cargo Airlines (ACT Airlines),1,1
North Continental Airlines (Robin Airlines),1,1
Petropavlovsk-Kamchatsky Air Enteprise,1,1
North East Bolivian Airways,1,1
Philippine Air Express,1,1
North Pacific Airlines,1,1
Phoenix Aviation,1,1
North Queensland Airways,1,1
Nahanni Air Services,1,1
North Sea Aerial and General Transport,1,1
Piquiatuba Taxi Aereo,1,1
North Star Air Cargo,1,1
PMT Air,1,1
North Western Air Transport,1,1
President Airlines,1,1
Minerva Airlines,1,1
Nationair (chartered by Nigeria Airways),1,1
Northern Air Cargo,1,1
Private - Ashland Oil Company,1,1
Northern Executive Aviation,1,1
Private - de Havilland Aircraft,1,1
Northern Illinois Flight Center,1,1
Private - Mainline Aviation,1,1
Northern Thunderbird Air Inc.,1,1
Private - Purdue Reasearch Foundation,1,1
Northern Thunderbird Air Ltd.,1,1
Private KNBC Los Angeles,1,1
Northern Wings,1,1
Promech Air,1,1
Northwest Airlines,1,1
Provincial Airlines,1,1
Northwest Airlines/ Northwest Airlines,1,1
Pulkovo Aviation Enterprise,1,1
Northwest Airlink,1,1
National Airways,1,1
Northwest Airways,1,1
Railway Air Services Ltd.,1,1
Ministerstvo Obshchestvo Mashinostroyeniya,1,1
National Skyway Freight Co.,1,1
Misair,1,1
Panama Airways,1,1
Nuna Air,1,1
Papillon Grand Canyon Helicopters of Las Vegas,1,1
Nusantara Buana Air,1,1
Paradise Tour Helicopters,1,1
"NY, Phil., Washington AW",1,1
Paraense Transportes Aereos,1,1
Ocean Airlines,1,1
Parsa,1,1
Oefag Flugdienst,1,1
PAS,1,1
Oeste Linhas Aereas,1,1
Patuxent Airways / Private,1,1
Okada Air,1,1
Paul Kelly Flying Service Inc.,1,1
Okanagan Helicopters,1,1
Pawan Hans Helicopters Ltd.,1,1
Military - Yemeni Arm,1,1
Pel Air,1,1
Olympic Aviation,1,1
PenAir,1,1
Omniflight Helicopters Inc.,1,1
Pennsylvania Airlines,1,1
One-Two-Go Airlines,1,1
People's Liberation Army Air Force,1,1
Ontario Hydro,1,1
Permaviatrans,1,1
Onzeair,1,1
Peruvian Naval Aviation,1,1
Orient Air System and Integrated Services,1,1
Petroleum Helicopters Inc,1,1
Military - Vietnam People's Army Air Force,1,1
Petrolium Helo Inc.,1,1
Oriental Airlines,1,1
Petroproducción,1,1
Ornge Air Ambulance,1,1
Military - Zimbabwe Air Force,1,1
Overseas National Airways,1,1
Philippine Air Force,1,1
Ozark Air Lines,1,1
Phoenix Airlines,1,1
Ozark Air Lines / Private,1,1
Pickwick Airways,1,1
Pacific Air,1,1
Naftogaz,1,1
Military - Zambia Air Force,1,1
NARZ,1,1
MMM Aero Services,1,1
Pioneer Airlines,1,1
Pacific Airways,1,1
Pittsburgh Skyways Inc.,1,1
Military - Venezuelan National Guard,1,1
Planemasters,1,1
Pacific Northern Airlines,1,1
Points North Air Services,1,1
Pacific Overseas Airways,1,1
Naske Air,1,1
Moldovan Aeriantur-M Air Cargo,1,1
Presidental Airways Inc. - Air Taxi,1,1
Pacific Southwest Airlines / Private,1,1
Price Aircraft Company,1,1
Pacific United States Air Freight,1,1
Military -Fuerza Aerea Colombiana,1,1
Pacific United States Airlines,1,1
Private - Airfast Indonesia,1,1
Monarch Aviation,1,1
Private - Boeing Aircraft Company,1,1
Mongolian Defense Ministry,1,1
Private - Daewoo Shipbuilding,1,1
Page Airways,1,1
Private - Facilities Management Co.,1,1
Pakair,1,1
Private - Kabanov - skydiving,1,1
Pakistan Airways,1,1
Private - Omniflight Helicopters,1,1
Monmouth Airways,1,1
Private - Parajump air show,1,1
Palair Macedonian,1,1
Private - Techint group,1,1
Palwaukee,1,1
National Air Operators,1,1
Pamir Airlines,1,1
Procuradoria General de la Republica,1,1
Morris Hancock Flying Club - Charter,1,1
Professional Aviation Services,1,1
Pan African Airlines,1,1
Propair,1,1
Morton Air Services,1,1
Military - West German Air Force,1,1
Pan American Airways (Scadta),1,1
PT Air Regional,1,1
Moskovia Airlines,1,1
Pulkovo Airlines,1,1
Mountain Air Cargo,1,1
Purdue Airlines Inc.,1,1
Mountain Lifeflight,1,1
Military U.S. Navy / Military - U.S. Navy,1,1
Pan American World Airways / KLM,1,1
"National Jet Services Inc., (Air Indiana)",1,1
Pan International,1,1
Railway Air Service Ltd.,1,1
Pan Malaysian Air Transport,1,1
Rainbow King Lodge,1,1
Mozambique Airline,1,1
National Parks Airways,1,1
Mt. McKinley Airfreight,1,1
REAL / Military - U.S. Navy,1,1
Panair do Brasil SA,1,1
Panair do Brazil,1,1
Military - Russian,1,1
Marine Airways,1,1
Military - U.S. Air Force/Military - U.S. Air Force,1,1
Lineas Aereas del Caribe,1,1
Lineas Aereas Unidas,1,1
Military - Angolan Armed Forces,1,1
Military - Sri Lankan Air Force,1,1
Luxair,1,1
Mililtary - Royal Canadian Air Force,1,1
Military - Ariana Afghan Airlines,1,1
LOT,1,1
Military - Armée de l'Air Malgache,1,1
Military - Royal Lesotho Defence Force,1,1
Military - Australian Army Aviation,1,1
Military - Servicio Aereo Nacional,1,1
Mabuhay Airways,1,1
Military - Thai Army,1,1
Mac Roberston-Miller Airlines,1,1
Military - U.S. Army Air Service,1,1
Mac Robertson Miller Airlines,1,1
Military - Myanmar Air Force,1,1
Macchi,1,1
Military - People's Liberation Army,1,1
Military - British Air Ministry,1,1
MATS - Manila Aero Transport System,1,1
Military - Bulgarian,1,1
Military - Royal Hellenic Air Force,1,1
Military - Burma Air Force,1,1
Military - Royal Netherlands Naval Air Service,1,1
Military - Centrafricain Airlines,1,1
Military - Russian Army,1,1
Military - Chadian Air Force,1,1
Military - Soviet Navy,1,1
MacRobertson Miller Airlines,1,1
Military - Taliban Militia,1,1
Maddux Airlines,1,1
Lineas Areas Venezolanas,1,1
Military - Colombia Air Force,1,1
Military - U.S. Army Air Corps,1,1
Military - Colombian Air Force,1,1
Military - U.S. Misson,1,1
Military - Colombian Army,1,1
Lineas Aereas de Espana/Spantax SA Transportes,1,1
Military - Colombian government,1,1
Lone Star Airlines,1,1
Maddux Airlines / Military - U.S.Army Air Force,1,1
Marquise Aviation Corp.,1,1
Military - Corrieri Aerei Militari,1,1
Military - Peruvian Air Force - TANS,1,1
Military - Cuban Air Force,1,1
Military - Portuguese Air Force,1,1
Military - Deutsche Luftwaffe,1,1
Lineas Aereas Suramericanas,1,1
Military - Dostum-Galboddin Militia,1,1
McKinley Air Service - Air Taxi,1,1
Military - Ecuador Army,1,1
Mercer Airlines,1,1
Military - Ecuadorean Air Force,1,1
Mercury Aviation,1,1
Military - Ecuadorian Air Force,1,1
Lineas Aereas,1,1
Magistralnye Avialinii,1,1
Military - Russian Air Force / Military - Russian Air Force,1,1
Military - Ejército del Aire,1,1
"Military - Russian, cargo",1,1
Military - El Salvador Air Force,1,1
Metro Air Systems,1,1
Magyar Legiforagalmi,1,1
Military - Spanish Air Force.,1,1
Military - FANA Forca Aerea Nacional Angolana,1,1
Lockheed AC-130H Hercules,1,1
Military - Federal Nigerian Air Force,1,1
Military - TAM (Bolivia),1,1
Military - Finish Air Force,1,1
Military - Turkish Army (NATO),1,1
Military - Florida Army National Guard,1,1
Military - U.S. Air Force / Military - U.S. Navy,1,1
Military - Força Aérea Brasileira,1,1
Middle East Airlines / Military - Turkish Air ForceC-47,1,1
Military - Force Aérienne Zaïroise,1,1
Linjeflyg,1,1
Lineas Aéreas Suramericanas,1,1
Midwest Express,1,1
Majestic Air Cargo,1,1
Miliitary - SATENA,1,1
Military - French Navy,1,1
Mililtary - Soviet Air Force,1,1
Military - Fuerza Aérea Colombiana,1,1
Manx2,1,1
Military - Fuerza Aérea de Chile,1,1
Military - Navy,1,1
Military - Fuerza Aérea del Peru,1,1
Military - Niger Air Force,1,1
Military - Fuerza Aérea Panamena,1,1
Lloyd Aero Boliviano SA,1,1
Military - Fuerza Aerea Colombiana,1,1
Military - People's Army/ Military - Peoples Air Force,1,1
Military - Fuerza Del Peru,1,1
Marsland Aviation,1,1
Lionair,1,1
Military - Peruvian Army Aviation,1,1
Military - German Air National Guard,1,1
Maryland State Police,1,1
Majuba Aviation,1,1
MASwings,1,1
Lineas Aereas Mineras,1,1
Military - Romainian Air Force,1,1
Military - Government of Equatorial Guinea,1,1
Military - Royal Airship Works,1,1
Military - Government of Macedonia,1,1
Mavrik Aire Transport,1,1
Military - Greek Air Force,1,1
Med Flight Air Ambulance - Private,1,1
Military - Greek Army,1,1
Med-Trans Corporaion,1,1
Military - Guatemalan Air Force,1,1
Military - Royal Lao Air Force,1,1
Military - Hellenic Air Force,1,1
Military - Royal Moroccan Air Force,1,1
Living Water Teaching Ministries Charter,1,1
Military - Royal Netherlands East Indies Air Force,1,1
MALERT,1,1
Military - Royal Norwegian Air Force,1,1
Malert Airlines,1,1
Lineas Aereas Comerciales,1,1
Military - Indian Navy,1,1
Lineas Areas del Centro,1,1
Lineas Aéreas Trans. Brasileira,1,1
Military - Russian Air Force/Uzbekistan Airways,1,1
Military - Indonesian Army,1,1
Meteor Air,1,1
Malindi Air Services,1,1
Military - Salvadoran Air Force,1,1
Lloyd Aereo Colombiano,1,1
Military - Slovak Air Force,1,1
Manacá Táxi Aéreo,1,1
Lineas Areas Unidas,1,1
Military - Islamic Revolution's Guards Corps,1,1
Metro Cargo,1,1
Manchurian Air Lines,1,1
Metrojet,1,1
Military - Israel Air Force /Military - Israel Air Force,1,1
Lineas Aereas de Angola,1,1
Lloyd Aero Boliviano,1,1
Military - Tajik National Guard,1,1
Military - Japan Air Self Defense Force,1,1
Military - TAM,1,
Mango Airlines,1,1
Military - Tentara Nasional Indonesia Navy,1,1
Military - Japanese Air Self-Defence Force,1,1
Lufthansa Cargo Airlines,1,1
Military - Kazakhstan border guard service,1,1
Military - U. S. Air Force,1,1
Military - Kazakhstan Border Guards,1,1
Mid Continent Airlines,1,1
Military - Kenya Air Force,1,1
Mid Pacific Air,1,1
Military - Kenyan Air Force,1,1
Lufthansa Cityline,1,1
Military - Kuwait Air Force,1,1
Military - U.S. Army / Military U.S. Army,1,1
Military - LADE,1,1
Military - U.S. Army Air Force,1,1
Military - Lao People's Liberation Army Air Force,1,1
Military - U.S. Army Air Forces / Military - U.S. Army Air Forces,1,1
Military - Luftwaffe,1,1
Middle States Airlines,1,1
Military - Luftwaffe / Military - USAF,1,1
Military - U.S. Marines,1,1
Military - Lybian Arab Air Force,1,1
Lion Air Inc.,1,1
Military - Macedonian Air Force,1,1
Military - U.S. Navy / NASA,1,1
Military - Madagascar Air Force,1,1
Military - Unified Yemen Air Force,1,1
Military - Malaysian Air Force,1,1
Military - (2) U.S. Army Air Forces,1,1
Mannin Airways,1,1
Lumbini Airways,1,1
Manunggal Air,1,1
Great Lakes Business Complany,1,1
Ghana Airlink,1,1
Krasnoyarskie Avialinii,1,1
GLM Aviation,1,1
Jet Avia Charter,1,1
Gulf Aviation (Kalinga Airways),1,1
Kish Airlines,1,1
Gum Air Charter,1,1
LANC Colombia,1,1
Guyana Airways,1,1
Libyan Air Cargo,1,1
Haïti Air Inter,1,1
JS Air,1,1
Global Executive Aviation,1,1
Kelowna Flightcraft Air Charter,1,1
Hageland Aviation Services Inc.,1,1
Kodiak Western United States Airlines,1,1
Hageland Aviiation,1,1
LACSA,1,1
Hallo Bay Air - Air Taxi,1,1
Laoag International Airlines,1,1
Hamilton Aviation,1,1
Lehigh Acres Development Inc.,1,1
Globe Air,1,1
Japan Aviation Corporation,1,1
Hang Khong (Vietnam),1,1
Fuerza Aérea Colombiana,1,1
Harbour Air,1,1
Galaxy Airlines,1,1
Harbour Air Seaplanes Ltd.,1,1
Kasthamandap Airlines,1,1
Harka Air Services,1,1
Khors Aircompany,1,1
Harrington's Inc,1,1
Knight Air,1,1
Hati Express,1,1
GT Air,1,1
Heart of Texas Hot Air Balloon Rides,1,1
Labradore Airways,1,1
Heavylift Cargo Airlines,1,1
Lambair,1,1
Helaire Helicopter,1,1
Garamut Aviation,1,1
Heliandes,1,1
Guiena Airways,1,1
Helicol Colombia,1,1
LAV - Linea Aeropostal Venezolana,1,1
Helicopter - Air Taxi,1,1
Liberty Helicopter Sightseeing Tours / Private,1,1
Helicopteros Nacionales de Colombia,1,1
Fujita Koku Kabushki Kai,1,1
Helicopters Inc / KOMO TV,1,1
Gabon Express,1,1
Helicsa,1,1
Jet Pro,1,1
HeliCusco,1,1
Johnson Flying Service,1,1
Helikopter Service,1,1
Grands Express Aeriens (Air Union),1,1
Helios Airways,1,1
Kam Air,1,1
Heli-USA Airways,1,1
Kappel-Van Eyck Airways,1,1
Heliwork WA Pty Ltd. - Air Taxi,1,1
Katekavia Airline,1,1
Henan Airlines,1,1
Greek Government,1,1
Herfurtner Company,1,1
Kirghizia Aba Zaoldoru,1,1
Heringer Air Taxi,1,1
KLM Royal Duch Airlines,1,1
Heringer Taxi Aero,1,1
Knowles Flying Service of Detroit,1,1
Hevlift,1,1
Komala Air,1,1
Glow Air/Air Castle - Charter,1,1
Kranoyarskie Vozhjushnye Trassy,1,1
Hibiscus Air,1,1
Kuwait Airways,1,1
Hillman's Airways,1,1
LAC Columbia,1,1
HiTech Helicopters,1,1
Lake Central Airlines,1,1
Hlavka Aviation - Air Taxi,1,1
Gander Aviation,1,1
Holdens Air Transport Service,1,1
Líneas Aéreas Suramericanas,1,1
Holmstoem Air,1,1
Guicango,1,1
Holyman Airways,1,1
Laos Air Force,1,1
Gol Airlines / Private,1,1
GCI Communications Corp.,1,1
Horizon Properties,1,1
Lauda Air,1,1
Hornbill Airways,1,1
Lebanese International Airways,1,1
Hoseba,1,1
L'Express Airlines,1,1
Houston Metro Airlines,1,1
Libya Arab Airlines,1,1
Hughes Airwest / Military - US Marine Air Corps,1,1
Japan Air / Japan Flying School,1,1
Hunter Airways,1,1
Japan Air Self-Defence Force,1,1
Golden Star Air Cargo,1,1
Japanese Air Force,1,1
Huron Air,1,1
Grand Canyon Airlines / Helitech,1,1
IAS Cargo,1,1
Jet One Express,1,1
Frontier Flying Service,1,1
Jetcom S.A.,1,1
Iberia Airlines / Aviaco,1,1
Jetwingsco Inc. - Private Charter,1,1
Ibertrans Aérea,1,1
Jordan International Airlines,1,1
General Air,1,1
Ju Air,1,1
Illegal flight,1,1
Junction City Fire Department,1,1
Fuerza Aérea Nicaragua,1,1
Kalinin,1,1
Inair Panama,1,1
Kamchatavia,1,1
Golden West Airlines / Private,1,1
Kansas City Southern Skyways,1,1
Independent Air Inc.,1,1
Great Western and Southern Air Lines,1,1
Independent Air Travel,1,1
Kata Transportation,1,1
Fuerza Aérea Uruguaya,1,1
Kavatshi Airlines,1,1
Fuerza Aerea Colombiana,1,1
Kenting Air,1,1
Indian Airlines/Alliance Airlines,1,1
Khalatyrka,1,1
Goose Bay Air Services,1,1
Kiev Production Association,1,1
Indian National Airways,1,1
Kisangani Airlift,1,1
Indonesian Air Force,1,1
KLM Cityhopper,1,1
Indonesian National Police,1,1
Galaxy Kavatsi Airlines,1,1
Indonesian Police,1,1
Georgian Air,1,1
Inex Adria Aviopromet,1,1
Greylock Airways / Private,1,1
Inex Adria Aviopromet (Yugoslavia),1,1
Kogalmavia,1,1
Inex Adria Aviopromet / British Airways,1,1
Komi Avia,1,1
Interamericana de Aviacion,1,1
Gambcrest,1,1
Intercontinental de Aviacion,1,1
Krasnoyarsk Airlines,1,1
Fuerza Aerea Mexicana,1,1
Kuban Airlines,1,1
Linea Expresa Bolivar,1,1
L & J Company,1,1
Lineas Aéreas Cave,1,1
Guardia Nacional de Venezuela,1,1
Lineas Aéreas Costarricenses LACSA,1,1
LACOL,1,1
General Aviation Inc.,1,1
Ladeco,1,1
Gor'ky Eskadril'ya,1,1
Lake Havasu Air,1,1
Goroka Air Services,1,1
LAMIA Bolivia,1,1
Interocean,1,1
Guernsey Airways,1,1
LifeNet,1,1
Lancashire Aircraft Corporation (Skyways),1,1
Lina Congo,1,1
Germanwings,1,1
Linea Aérea Nacional,1,1
Lao Airlines,1,1
Fuerza Area Angolaise,1,1
Lao Cathay Airlines,1,1
Ghana Airways,1,1
Laos Air,1,1
Iran Air Tours / Military - Iranian Air Force,1,1
"LAPA, Lineas Aereas Privadas Argentinas",1,1
Iran Aseman Airlines,1,1
L'Armée de L'Air,1,1
Iran Asseman Airlines,1,1
Laser Aereo Colombia,1,1
Iraqi Airways,1,1
Garuda Indonesia Airlines / Garuda Indonesia Airlines,1,1
IrAvia,1,1
Laurentian Air Services,1,1
Government of Mozambique,1,1
Leadair - Charter,1,1
Island Airways Ltd.,1,1
Leeward Islands Air Transport,1,1
Island Express Helicopter Service,1,1
Les Ailes de Gaspé Inc.,1,1
Islands of the Bahamas Inc,1,1
Liard Air,1,1
Fuji Airlines,1,1
Liberty Helicopters,1,1
Itek Air,1,1
Libya Arab Airlines / Military - Libya Air Force,1,1
Jack Harter Helicopters,1,1
Guinea Airways Limited,1,1
Ginger Coote Airways,1,1
Interstate Airlines,1,1
Linea Aérea Mexicana de Carga,1,1
Inuvik Coastal Airways,1,1
GAS Air,1,1
Invicta International Airlines (UK),1,1
Lineas Aéreas Brasil,1,1
Interior Airways,1,1
Lineas Aéreas Costarricenses,1,1
Inter-Island,1,1
Lineas Aéreas Interpolar,1,1
Interisland Airlines,1,1
Lineas Aéreas Mineras,1,1
International Air Freight,1,1
Lineas Aéreas Sud Americana,1,1
International Control Commision,1,1
International Security Assistance Force,1,1
Eastern Air Lines / Military - U.S. Army Air Corps,1,1
China Southern Airlines / Xiamen Airlines,1,1
Euro Asia Aviation,1,1
Cie Air Transport,1,1
Chicago-Detroit Airways,1,1
Cie des Messageries Aeriennes,1,1
ELK Aviation Co. (leased from Eminex),1,1
Circuit City Stores - Charter,1,1
Falcon Aviation Group,1,1
Caspian Airlines,1,1
Dodita Air Cargo,1,1
Classic Wings,1,1
Eagle Cap Leasing,1,1
Charter - Aerotaxi,1,1
Edwin Ortiz,1,1
Coastal Air Lines,1,1
Enimex,1,1
Coastal Cargo,1,1
Executive Funds,1,1
COHATA,1,1
Federal Airlines,1,1
Cathy Pacific,1,1
Cia Brasiliera de Tratores,1,1
Charter - Air Adventures New Zealand Ltd,1,1
Douglas Aircraft,1,1
Columbia Air Cargo,1,1
Dwyer Flying Service - Private Charter,1,1
Columbia Pacific Airlines,1,1
East Coast Jets,1,1
Charter - Air Cush,1,1
Ecuatair,1,1
Commercial Air Taxi,1,1
China Flying Dragon Aviation (Feilong Airlines),1,1
Commercial Airways,1,1
Emirates Air Transport,1,1
Commercial Airways (Comair),1,1
ETA - Empresa Transportes Aéreos,1,1
Communicaciones Aereos de veracruz,1,1
Evergreen International Airlines,1,1
Compañia Colombiana de Navegación Aérea,1,1
Catalina Airlines,1,1
Compagnie Africaine d' Aviation (CAA),1,1
Chamberlin Flying Service,1,1
Compagnie Air Transport,1,1
Fiji Air Services,1,1
Compagnie Franco-Roumaine de Navigaation Aerienne,1,1
Fleming International Airways,1,1
Compagnie Internationale de Navigation Aérienne,1,1
Chalk's Ocean Airways,1,1
Compagnie Sila,1,1
Dominion Air Lines,1,1
Compania de Aviacion Faucett SA (Peru),1,1
Chicago Helicopter Airways,1,1
Compania Dominicana de Aviacion,1,1
Dutch Continental Airways,1,1
Compania Mexicana de Aviacion,1,1
Eagle Air,1,1
Comvac Aviation,1,1
EAS Airlines (Executive Airline Services),1,1
Condor Flugdienst,1,1
Centurian Air Cargo,1,1
Congo Airline,1,1
CATA,1,1
Connair,1,1
Edde Airlines,1,1
Charter - Central Air,1,1
Eitos,1,1
Continental Air Transport,1,1
El Venado,1,1
CCCP,1,1
China General Aviation Corporation,1,1
Continental Charters,1,1
Empresa Aviacion del Pacifico,1,1
Continental Connection/Colgan Air,1,1
ERA Helicopter,1,1
Continental Express,1,1
Century Pacific Lines,1,1
Continentale Deutsche Luftreederei,1,1
Europe Aero Service EAS,1,1
Conviasa,1,1
Evolga,1,1
Conviasa Airline,1,1
Exportada De Sal S.A.,1,1
Cooper Skybird Air Charters,1,1
Fairflight Ltd.,1,1
COPA (Panama),1,1
Far Aviation - Air Taxi / Speeds Flying - Air Taxi,1,1
Copterline,1,1
Farnair Hungary,1,1
Charter - IRS Aero,1,1
Channel Express,1,1
Charter - Maniema Union (owner Victoria Air),1,1
Filipinas Orient Airways,1,1
Corp. Aeronautica de Transportes,1,1
Flash Air,1,1
Corporacion Boliviano de Fomento,1,1
Flightline,1,1
Corporate Airlines (American Connection),1,1
Fly 540,1,1
Corporate Mobility Inc. - Private,1,1
DNL Norwegian Air Lines,1,1
Costal Aviation,1,1
Dominicana,1,1
Cougar Helicopters,1,1
Don Everall Aviation,1,1
Cross Airways,1,1
Douglas Aircraft Company,1,1
Charter -Federal Electricity Commission,1,1
Chicago Southern Airlines,1,1
Cebu Pacific Air,1,1
Duncan Aircraft Sales,1,1
Cruzeiro Do Sud,1,1
Dutch Dakota Association,1,1
Cruzeiro do Sul,1,1
E.A.S. Aeroservizi,1,1
CSA Czech Airlines,1,1
Chilean Air Force,1,1
CTA Languedoc Roussillon,1,1
Eagle Commuter,1,1
Cubana (leased from Global Air),1,1
China Airlines,1,1
"Charter, Golden Eagle Aviation Inc.",1,1
East Provincial Airways,1,1
Cubana de Aviacion / Military - US Navy,1,1
Eastern Air Lines / Military - Bolivian Air Force,1,1
CHC Helikopter Service,1,1
Eastern Air Lines / Military - USN,1,1
Cunard Eagle Airways,1,1
CATA Linea Aerea,1,1
Currey Air Transport,1,1
Ecuato Guineana de Aviacion,1,1
Curtiss-Reid Flying Services Ltd. (Canada),1,1
EDELCA,1,1
Custom Air Service,1,1
Century Air Lines,1,1
Czech Airlines,1,1
Ejercito del Aire,1,1
Czechoslovak Airlinex,1,1
El Magal Aviation,1,1
Daallo Airlines,1,1
Elbee Airlines,1,1
Dagestan Airlines,1,1
Embry Riddle Company,1,1
Dai Nippon,1,1
Emirates,1,1
Daimler Airways,1,1
Empire Airlines leased from FedEx,1,1
Daimler Airways / Grands Express Aeriens,1,1
Empressa Commun. Aéreas de Veracruz,1,1
Dalmia Jain Airways,1,1
ERA Aviation - Air Taxi,1,1
Ford Air Freight Inc.,1,1
Era Helicopter - Air Taxi,1,1
Central Air Services,1,1
ETA Air Charter,1,1
Franco-Roumaine,1,1
Eurasia,1,1
Freedom International,1,1
Eurojet Italila,1,1
Frigorifico Maniqui,1,1
Everest Air,1,1
Frigorifico Santa Rita,1,1
"Evergreen United States Helicopters, Inc.",1,1
Cascade Airways,1,1
Executive Airlines,1,1
de Havilland Dove,1,1
Executive Jet Sales Inc.,1,1
Fly Jamaica Airways,1,1
Express Airlines - Northwest Airlink,1,1
Fly Montserrat,1,1
F.R. de la Direccion General de Ados,1,1
Cessnyca,1,1
Fairways (Filipinas Orient Airways),1,1
Flyve Tjenesten,1,1
FAMA (Argentina),1,1
Force Area Populaire de Angola,1,1
Far East Aviation,1,1
Derby Aviation,1,1
Faraz Qeshm Airlines,1,1
Chelan Air Service,1,1
Castle Aviation,1,1
Det Danske Luftfartselskab,1,1
Channel Airways,1,1
DETA,1,1
Fiji Air,1,1
Deutche Lufthansa,1,1
Filair,1,1
Deutsche Flugdienst,1,1
Fine Air,1,1
Central Airlines (Universal Aviation Corporation),1,1
Charter,1,1
Deutsche Zeppelin Reederei,1,1
Fleming Airways System Transport,1,1
Devlet Hava Yollairi,1,1
Flight Service,1,1
Central American Airways,1,1
Florida Commuter Airlines,1,1
Dirgantara Air Service,1,1
Flugefelag,1,1
Cheremshanka Airlines,1,1
CATC,1,1
Divi Divi Air,1,1
Flydubai,1,1
Central Airlines,1,1
Flying W Airways,1,1
Delta Air Lines/ North Central Airlines,1,1
Fokker,1,1
Den Norske Luftfartskole,1,1
Chalk's International Airlines,1,1
Deraps Aviation,1,1
Fragtflug,1,1
Dana Air,1,1
Fred Olsen Flyveselskap,1,1
Dan-Air Services,1,1
Frigorifico Cooperativo Los Andes,1,1
Danish Air Force,1,1
Frigorifico Reyes,1,1
Darbhanga Aviation,1,1
Frontier Air,1,1
DDL,1,1
de Havilland Air Service,1,1
Blue Bird Aviation,1,1
Calair,1,1
British Airways Helicopters,1,1
American Overseas Airlines,1,1
Bay of Plenty Airways,1,1
Alisansa Colombia,1,1
Bourag Indonesia Airlines,1,1
Airline Transport Carriers,1,1
Bruning Aviation,1,1
ANDESA,1,1
AirWest Airlines,1,1
Angara Airlines,1,1
Bharat Airways,1,1
Angel Flight,1,1
Airwork,1,1
Angola Air Charter,1,1
Bristop Aeroplane Company,1,1
Ansett Airlines of Papua New Guinea,1,1
British International Helicopters,1,1
"Alas Nacionales, leased from Birgen Air",1,1
Business Jet Services,1,1
Ansett New Zealand,1,1
Campagnie France Roumaine,1,1
Antillean Airlines,1,1
Bankair,1,1
All Nippon Airways / Japanese Air Force,1,1
Bek Air,1,1
APRL,1,1
Bimini Airways,1,1
Aquilla Airways,1,1
Blue Wing Airlines,1,1
Arall,1,1
Bonanza Airlines,1,1
Aramar,1,1
Airwork NZ,1,1
Aramco Associated Company,1,1
Britavia,1,1
Ararat Avia,1,1
Alfa Airlines,1,1
Arax Airlines,1,1
Airline Transport,1,1
Aray-Avia,1,1
Burke Air Transport,1,1
Archana Airlines,1,1
American Express Leasing,1,1
Archipelagos Service Aereos,1,1
California Aircraft,1,1
Arctic Circle Air Service,1,1
Canairelief Air,1,1
Arctic Pacific,1,1
Bangkok Airways,1,1
Arctic Sunwest Charters,1,1
Bashkirian Airlines / DHL Worldwide Express,1,1
Arctic Wings & Rotors,1,1
Bearskin Airlines,1,1
All West Freight,1,1
Belize Air International Ltd.,1,1
Aria Airlines,1,1
AmazonavesAir Taxi,1,1
Airlines of PNG,1,1
BKS Air Transport,1,1
Armavia,1,1
Blue Hawaiian Helicopters,1,1
Arrow Airlines,1,1
Amazonese Importacao e Exportacao,1,1
Arrow Airways,1,1
Boeing KC-135E,1,1
Arsenyev Aviation Production Association,1,1
Bond Offshore Helicopters,1,1
ARTOP Aerotopografica LDA,1,1
American Air Export & Import Co.,1,1
Asa Pesada,1,1
Bremerton-Seattle Air Taxi / Gorst Air Lines,1,1
Asian Spirit,1,1
Brit Air,1,1
Allegheny Airlines / Forth Corporation,1,1
British Airtours,1,1
Aspring Air,1,1
British Columbia Airways,1,1
Associated Air Transport,1,1
British European Airways / Military - British,1,1
Alliance Airlines,1,1
Ala Littolia,1,1
Associated Aviation,1,1
British World Airways,1,1
Associated Aviators,1,1
Buffalo Narrows Airways,1,1
Astro Air Taxi,1,1
American Export Airlines,1,1
Allied Air,1,1
Butler Aviation Inc.,1,1
ATI Aircompany,1,1
Cable Commuter,1,1
Atlantic Airlines,1,1
California Air Freight,1,1
Atlantic Airways,1,1
American Flyers Airline,1,1
Atlantic Central Airlines,1,1
Alamo Airways,1,1
Atlantic City Airlines,1,1
Capital Airlines / Military - Air National Guard,1,1
Atlantic Coast Airlines (United Express),1,1
Bangkok Airlines,1,1
Allied Air Freight,1,1
Bangladesh Biman,1,1
Atlas Air serving Amazon,1,1
Bar Harbor Airlines,1,1
Atlasjet Airlines,1,1
Bavaria Flug,1,1
Atran,1,1
Bazair,1,1
Aurukun Air Services,1,1
Bearskin Airlines / Air Sandy,1,1
Allied Services Limited,1,1
Belgian International Air Services,1,1
Aloha Airlines,1,1
Bellview Airlines,1,1
Australian Aerial Services,1,1
Bhoja Airlines,1,1
Australian Corporate Jet Centres PTY. LTD,1,1
BHS - Brazilian Helicopter Services,1,1
Airquarius Aviation - Charter,1,1
Binter Mediterráneo,1,1
Austria-Flugdienst,1,1
Blue Bird Air Service,1,1
Austrian Airlines,1,1
Blue Hawaiian Helicopter,1,1
Aloha Island Air,1,1
Blue Water Aviation Services,1,1
AV Air / American Eagle,1,1
Blue Wings Airlines,1,1
Avalki Air,1,1
Bodensee Aerolloyd,1,1
Airtech Rajawaldi Udara,1,1
Ambler Air Service,1,1
Avesca Colombia,1,1
Bombardier Aerospace,1,1
Airwave Transport,1,1
Bond Air Services Ltd.,1,1
Aviaco Condor,1,1
Borneo Airways,1,1
Aviaimpex (Macedonia),1,1
Amee de l'Air,1,1
Airways,1,1
Branch River Air Service,1,1
AVIANCA / AVIANCA,1,1
Airlines PNG,1,1
Alpa Servicios Aéreos,1,1
Bristol Aeroplane Co.,1,1
Cargolux,1,1
American Airlines / Military - USAF,1,1
Carib Air Transport,1,1
American Airlines / Private,1,1
Caribbean International Airways,1,1
British Aircraft Corporation,1,1
Airline PNG,1,1
AKF Polet,1,1
Avicsa,1,1
British American Air Services,1,1
Avient Aviation,1,1
British Commonwealth Pacific Airlines,1,1
Alpha Airways,1,1
Akhal Air,1,1
Avio Linee Italiane Avio Linee Italiane,1,1
British European Airways / Military - Soviet Air Force,1,1
Aviogenex (Yugoslavia),1,1
Alas del Sur,1,1
Capitol Airlines,1,1
British Overseas Airways /Qantas,1,1
Caproni Company,1,1
British United Airways,1,1
Carga del Caribe,1,1
Britt Airways,1,1
Alas Chiricanas,1,1
Buddha Air,1,1
Avistar Mandari,1,1
Bulair TABSO,1,1
Avisto,1,1
Burlington Air Express,1,1
Avtex Air Services,1,1
Business Air Connection,1,1
AZAL Cargo Company,1,1
Busy Bee Congo,1,1
Alpine Adventures,1,1
By Air,1,1
Azerbaijani Airlines,1,1
CAAK,1,1
Azov Avia Airlines,1,1
Cabo Verde Airlines,1,1
Azzi,1,1
Caledonian Airways,1,1
BAFIN,1,1
California Air National Guard,1,1
Bahia Taxi Aéreo  Bahia Taxi Aéreo  Bahia Taxi Aéreo,1,1
CAMBA,1,1
Baikal Air,1,1
ALIANSA Colombia,1,1
ALFA,1,1
Canadian Colonial Airways,1,1
Bako Air,1,1
Canair Cargo,1,1
BAL Bremerhaven Airline,1,1
Alantis Aviation,1,1
Balair,1,1
American Jet,1,1
Alyemda Airlines,1,1
Avion Airways,1,1
Carga Aereo Transportada,1,1
Avirex,1,1
Cargo Three Panama,1,1
Avis Amur,1,1
AVISPA,1,1
Caribbean Airlines,1,1
Aviation Development Corporation,1,1
Carvair ATL-98,1,1
Aviation Enterprises,1,1
Aviatour's Fly'n Inc.,1,1
Aerocalifornia,1,1
Air Transport Associates,1,1
Air Sirin,1,1
Aeroflot / Soviet Air Force,1,1
Aero Transportes,1,1
Aeroflot /Military - Russian,1,1
Aerocondor,1,1
Aeroflot Russian International Airlines,1,1
Air taxi - Lider Air Taxi,1,1
Aeroflot Russian International Airways,1,1
Advance Airlines,1,1
Aerogulf,1,1
Air Ivoire,1,1
Aerolatino (Aerocaribe),1,1
Air Martinique,1,1
Aeroleo Taxi Aereo,1,1
Air Philippines,1,1
Adventure Airlines,1,1
Air Taxi - Airis Helicopters Inc.,1,1
Aerolift Philippines,1,1
Air Taxi - South Coast Helicopters Inc.,1,1
AE Aviation,1,1
Airblue,1,1
AECA Cargo,1,1
Aero Sudpacifico,1,1
Aerolineas Argo,1,1
Air Illinois,1,1
Aca-Ancargo,1,1
Air Kasai,1,1
Aerolineas Condor,1,1
Air Malawi,1,1
Aerolineas Cuahonte,1,1
Air Methods / Classic Helicopters,1,1
Aerolineas El Salvador,1,1
Air Ontario,1,1
Aer Turas,1,1
Air Satellite,1,1
Aerolineas Flecha Austral - ALFA,1,1
Air Tahoma,1,1
Aerolineas La Gaviola,1,1
Air Taxi - El Aero Services Inc.,1,1
Aerolineas Litoral Argentina,1,1
Air Taxi - Papillion Helicopters Ltd.,1,1
Aerolineas Nacionales,1,1
Air Taxi - Uyak Air Services Inc.,1,1
Aeralpi,1,1
Aeroespresso,1,1
Ace Air Cargo,1,1
Airbus Industrie,1,1
Aeromexico / Private,1,1
Aeroflot / Military - Russian Air Force,1,1
Aeromist-Kharkiv,1,1
Air Gaspé,1,1
Aerevias Centrales Air Service,1,1
Air Haiti International,1,1
Aeronaves de Panama,1,1
Air India Express,1,1
Aeronaves del Peru,1,1
Air Jordan,1,1
Aerflot,1,1
Air Laos,1,1
Aeronor Chile,1,1
Air Luxor,1,1
Aeronorte,1,1
Aerochasqui,1,1
Aerial Transit Company,1,1
Air Melanesie,1,1
Aeropeca,1,1
Ababeel Aviaition,1,1
Aero Air,1,1
Air North,1,1
Aeroperu,1,1
Air Outremer,1,1
Aero Asahi,1,
Air Rouergue,1,1
Aero Brasil,1,1
Air Senegal / Gambia Airways,1,1
Aeropostale - La Tecoere Company,1,1
Air Sunshine,1,1
Aero Cargo,1,1
Air Taxi,1,1
Aeroservice International,1,1
Air Taxi - Centre Airlines Inc.,1,1
Aeroservicios,1,1
Air Taxi - Great Northern Aircraft Co.,1,1
Aeroservicios Empresariales de Durango,1,1
Air Taxi - National Helicopters,1,1
Aero Club Libya,1,1
Air Taxi - Petroleum Helicopters Inc.,1,1
Aerosweet Airlines (LVOV),1,1
Air Taxi - Tundra Copters,1,1
Aero Condor,1,1
Air Transat,1,1
Aerotaxi Manaus,1,1
Aeroejecutivos Colombia,1,1
Aerotechnia,1,1
Air Wisconsin,1,1
Aerotransportes Petroleros,1,1
Airborne Freight Company Union,1,1
Aero-Tropics,1,1
Abakan Airlines,1,1
Aerovanguardia,1,1
Aeroflot / Kazakhstan,1,1
Aero Cozumel,1,1
Air Force of the Democratic Republic of the Congo,1,1
Aerovias Condor,1,1
Aero Taxis Equatorianos,1,1
Aero Ejecutivos,1,1
Air Global,1,1
Aerovias Cuba International,1,1
Air Guinee,1,1
Aerovias de Guatemala SA,1,1
Air Hawaii,1,1
Aerovias del Norte,1,1
Adastra Airways,1,
Aerovias del Valle,1,1
Aero Tropical,1,1
Aerovias Guest,1,1
Air Ivorie,1,1
Aerovias Halcon,1,1
Air Karibu,1,1
Aerovias Rojas,1,1
Air Lanka,1,1
Aerovias Urraca,1,1
Air Liberia,1,1
Aerovias Venezolanas SA (Venezuela),1,1
Aerocaribbean,1,1
Aero Eslava,1,1
Aerocaribbean - Charter,1,1
Africa One Congo,1,1
Aéropro,1,1
African Air,1,1
Aerocom,1,1
African Commuter Services,1,1
Air Mauritanie,1,1
Afriqiyah Airways,1,1
Air Memphis,1,1
Agape Flight Inc.,1,1
Air Moorea,1,1
Agco Corp,1,1
Air New England,1,1
Aero Ferinco Charter,1,1
Air Niugini,1,1
46826/109,1,1
Air Ocean,1,1
AIDA,1,1
Aerocondor Colombia,1,1
Aero Fret Business,1,1
Air Outre-Mer,1,1
Air 70,1,1
Aerocondor de Colombia,1,1
Air Affaires Gabon,1,1
Air Saint Maurice Inc.,1,1
Aero Holland,1,1
Air Senegal,1,1
Aero Jet Express,1,1
Air Services,1,1
Air Ambulance - Med-Trans Corp.,1,1
Air South,1,1
Air ambulance - Mercy Air Services,1,1
Air Tahiti,1,1
Air Amercia,1,1
Air Taroma,1,1
Aero Limited,1,1
Air Taxi - Air Grand Canyon Inc.,1,1
Air Angles Inc.,1,1
Air Taxi - Bohemia Inc.,1,1
Aero Mayflower Transit Co,1,1
Air Taxi - Coastal Helicopters Inc.,1,1
Air Bagan,1,1
Air Taxi - EMS,1,1
Air Bissau,1,1
Air Taxi - Hawaii Helicopters Inc.,1,1
Air Bleu,1,1
Air Taxi - Marco Zero Air Taxi,1,1
Air Cameroon,1,1
Air Taxi - Ohana Helicopter Tours,1,1
èkoda (India) Ltd,1,1
Air Taxi - Paramount Aviation Corp.,1,1
Air Caraibes,1,1
Air Taxi - Raco Helicopters Corp.,1,1
Aero Peru,1,1
Air Taxi - Talon Air Services Inc.,1,1
Air Carriers,1,1
Air Taxi - US Helicopters Inc.,1,1
Air Carriers Express Services Inc,1,1
Air Taxi - Wolfe Air Aviation Ltd.,1,1
Adam Air,1,1
Aerocontroctors - Charter,1,1
Air China,1,1
Aerocosta Colombia,1,1
Air Comores,1,1
Air US / Private,1,1
Air Congo,1,1
Air West,1,1
Air Congo (BIAS)?,1,1
AirAsia,1,1
Air Continental,1,1
Aeroextra,1,1
Air East,1,1
Airborne Transport,1,1
Air Evac Lifeteam,1,1
Aircraft Charter Group Inc,1,1
Air Ferry Ltd,1,1
Aircraft Travel Transport,1,1
Air Fiji,1,1
Airfast Indonesia,1,1
Air Fiordland,1,1
Air-Lift Commuter,1,1
Air Flamence,1,1
Air Florida,1,1
